BTC,ETH,MATIC,1INCH,MTD,VVS,CRO,COMP
0.0105898,0.0287087,,131.051,108.85,1811927.85,8.1236,
