Crypto,Amount
btc,0.0105898
eth,0.0287087
matic,
1inch,131.051
mtd,108.85
vvs,1811927.85
cro,8.1236
comp,
